<ImportExportXml version="9.2.24083.202" SolutionPackageVersion="9.2" languagecode="1033" generatedBy="CrmLive" xmlns:xsi="http://www.w3.org/2001/XMLSchema-instance" OrganizationVersion="9.2.24083.202" OrganizationSchemaType="Standard" OrganizationType="Developer" TenantId="22426826-dc4c-401a-8d0e-7f97e64c0f99" CRMServerServiceabilityVersion="9.2.24083.00202">
  <SolutionManifest>
    <UniqueName>ShelterSolution</UniqueName>
    <LocalizedNames>
      <LocalizedName description="Shelter Solution" languagecode="1033" />
    </LocalizedNames>
    <Descriptions />
    <Version>1.0.0.2</Version>
    <Managed>1</Managed>
    <Publisher>
      <UniqueName>Powerplatform</UniqueName>
      <LocalizedNames>
        <LocalizedName description="Powerplatform " languagecode="1033" />
      </LocalizedNames>
      <Descriptions>
        <Description description="power platform for school maintenance solutions " languagecode="1033" />
      </Descriptions>
      <EMailAddress xsi:nil="true"></EMailAddress>
      <SupportingWebsiteUrl xsi:nil="true"></SupportingWebsiteUrl>
      <CustomizationPrefix>pp</CustomizationPrefix>
      <CustomizationOptionValuePrefix>10000</CustomizationOptionValuePrefix>
      <Addresses>
        <Address>
          <AddressNumber>1</AddressNumber>
          <AddressTypeCode>1</AddressTypeCode>
          <City xsi:nil="true"></City>
          <County xsi:nil="true"></County>
          <Country xsi:nil="true"></Country>
          <Fax xsi:nil="true"></Fax>
          <FreightTermsCode xsi:nil="true"></FreightTermsCode>
          <ImportSequenceNumber xsi:nil="true"></ImportSequenceNumber>
          <Latitude xsi:nil="true"></Latitude>
          <Line1 xsi:nil="true"></Line1>
          <Line2 xsi:nil="true"></Line2>
          <Line3 xsi:nil="true"></Line3>
          <Longitude xsi:nil="true"></Longitude>
          <Name xsi:nil="true"></Name>
          <PostalCode xsi:nil="true"></PostalCode>
          <PostOfficeBox xsi:nil="true"></PostOfficeBox>
          <PrimaryContactName xsi:nil="true"></PrimaryContactName>
          <ShippingMethodCode>1</ShippingMethodCode>
          <StateOrProvince xsi:nil="true"></StateOrProvince>
          <Telephone1 xsi:nil="true"></Telephone1>
          <Telephone2 xsi:nil="true"></Telephone2>
          <Telephone3 xsi:nil="true"></Telephone3>
          <TimeZoneRuleVersionNumber xsi:nil="true"></TimeZoneRuleVersionNumber>
          <UPSZone xsi:nil="true"></UPSZone>
          <UTCOffset xsi:nil="true"></UTCOffset>
          <UTCConversionTimeZoneCode xsi:nil="true"></UTCConversionTimeZoneCode>
        </Address>
        <Address>
          <AddressNumber>2</AddressNumber>
          <AddressTypeCode>1</AddressTypeCode>
          <City xsi:nil="true"></City>
          <County xsi:nil="true"></County>
          <Country xsi:nil="true"></Country>
          <Fax xsi:nil="true"></Fax>
          <FreightTermsCode xsi:nil="true"></FreightTermsCode>
          <ImportSequenceNumber xsi:nil="true"></ImportSequenceNumber>
          <Latitude xsi:nil="true"></Latitude>
          <Line1 xsi:nil="true"></Line1>
          <Line2 xsi:nil="true"></Line2>
          <Line3 xsi:nil="true"></Line3>
          <Longitude xsi:nil="true"></Longitude>
          <Name xsi:nil="true"></Name>
          <PostalCode xsi:nil="true"></PostalCode>
          <PostOfficeBox xsi:nil="true"></PostOfficeBox>
          <PrimaryContactName xsi:nil="true"></PrimaryContactName>
          <ShippingMethodCode>1</ShippingMethodCode>
          <StateOrProvince xsi:nil="true"></StateOrProvince>
          <Telephone1 xsi:nil="true"></Telephone1>
          <Telephone2 xsi:nil="true"></Telephone2>
          <Telephone3 xsi:nil="true"></Telephone3>
          <TimeZoneRuleVersionNumber xsi:nil="true"></TimeZoneRuleVersionNumber>
          <UPSZone xsi:nil="true"></UPSZone>
          <UTCOffset xsi:nil="true"></UTCOffset>
          <UTCConversionTimeZoneCode xsi:nil="true"></UTCConversionTimeZoneCode>
        </Address>
      </Addresses>
    </Publisher>
    <RootComponents>
      <RootComponent type="1" schemaName="pp_animalinfomation" behavior="0" />
      <RootComponent type="1" schemaName="pp_forsterfamilyinformation" behavior="0" />
      <RootComponent type="1" schemaName="pp_shelterinformation" behavior="0" />
      <RootComponent type="62" schemaName="pp_MyShelterFamilyMDD" behavior="0" />
      <RootComponent type="80" schemaName="pp_MyShelterFamilyMDD" behavior="0" />
      <RootComponent type="300" schemaName="pp_myshelterfamilycanvasapp_deb45" behavior="0" />
      <RootComponent type="431" schemaName="pp_animalinfomation pp_photo" behavior="0" />
      <RootComponent type="431" schemaName="pp_animalinformation pp_photo" behavior="0" />
      <RootComponent type="432" schemaName="pp_animalinfomation" behavior="0" />
      <RootComponent type="432" schemaName="pp_animalinformation" behavior="0" />
    </RootComponents>
    <MissingDependencies>
      <MissingDependency>
        <Required type="1" schemaName="pp_animalinformation" displayName="Main Animal Information " solution="Active" />
        <Dependent type="1" schemaName="pp_forsterfamilyinformation" displayName="Foster Family Information" />
      </MissingDependency>
      <MissingDependency>
        <Required type="1" schemaName="pp_animalinformation" displayName="Main Animal Information " solution="Active" />
        <Dependent type="1" schemaName="pp_shelterinformation" displayName="Shelter Information" />
      </MissingDependency>
      <MissingDependency>
        <Required type="61" schemaName="cr246_41885532_8940954" displayName="cr246_41885532_8940954" solution="Active" />
        <Dependent type="80" schemaName="pp_MyShelterFamilyMDD" displayName="My Shelter Family (MDD)" />
      </MissingDependency>
      <MissingDependency>
        <Required type="SettingDefinition" displayName="AppChannel" solution="msdyn_AppFrameworkInfraExtensions (1.0.0.12)" id.uniquename="AppChannel" />
        <Dependent type="AppSetting" displayName="parentappmoduleid.uniquename=pp_MyShelterFamilyMDD,settingdefinitionid.uniquename=AppChannel" id.parentappmoduleid.uniquename="pp_MyShelterFamilyMDD" id.settingdefinitionid.uniquename="AppChannel" />
      </MissingDependency>
    </MissingDependencies>
  </SolutionManifest>
</ImportExportXml>